,jsr1,jsr2,alld,alld2,80969
jsr,jsr1,jsr2,alld,alld2,80968
jsr,jsr1,jsr2,alld,alld2,
jsr,jsr1,jsr2,alld,alld2,80970
jsr,jsr1,jsr2,,alld2,80971
jsr,jsr1,jsr2,alld,alld2,80972
jsr,jsr1,jsr2,alld,,80973
jsr,jsr1,jsr2,alld,alld2,80974
jsr,jsr1,jsr2,alld,alld2,80975
jsr,jsr1,jsr2,alld,alld2,80976
jsr,jsr1,jsr2,alld,alld2,80977
jsr,jsr1,jsr2,alld,alld2,80978
jsr,jsr1,jsr2,alld,alld2,80979
jsr,jsr1,jsr2,alld,alld2,80980
jsr,jsr1,jsr2,alld,alld2,80981
jsr,jsr1,jsr2,alld,alld2,80982
jsr,jsr1,jsr2,alld,alld2,80983
jsr,jsr1,jsr2,alld,alld2,80984
jsr,jsr1,jsr2,alld,alld2,80985
jsr,jsr1,jsr2,alld,alld2,80986
jsr,jsr1,jsr2,alld,alld2,80987
jsr,jsr1,jsr2,alld,alld2,80988
jsr,jsr1,jsr2,alld,alld2,80989
jsr,jsr1,jsr2,alld,alld2,80990
jsr,jsr1,jsr2,alld,alld2,80991
jsr,jsr1,jsr2,alld,alld2,80992
jsr,jsr1,jsr2,alld,alld2,80993
jsr,jsr1,jsr2,alld,alld2,80994
jsr,jsr1,jsr2,alld,alld2,909951
jsr,jsr1,jsr2,alld,alld2,909991